Proxy,CVX,NVDA,PG
BRENT,0.9561036705348067,0.06125249007802735,0.6154404175227098
LMT,0.1612658018840048,0.36352655871915174,0.4647247263219408
WTI,0.9993101236801599,0.12345833899535526,0.6075899590711072
