Proxy,CVX,NVDA,PG
BRENT,0.08588957283199025,-0.1993383149881581,-0.03071090892778153
LMT,-0.029800387564021022,0.2239448095282609,-0.19812797699425666
WTI,0.15593978678981557,-0.19906817006056587,-0.0021066912786854505
