Proxy,CVX,NVDA,PG
BRENT,0.29113502878010317,0.013499891081421312,0.706287597024273
LMT,0.7146122531152209,0.0053898418218580975,0.014088550309059594
WTI,0.054249053303646884,0.013629379916494754,0.979381239983972
