Proxy,CVX,NVDA,PG
BRENT,0.012794535454792644,-0.41519512526705216,0.11636775767841516
LMT,-0.31714643215927113,0.20887760887254486,-0.1687187048201088
WTI,0.00020098618059778695,-0.34685087689773986,0.11894259065802068
