Proxy,CVX,NVDA,PG
BRENT,0.07404461290183752,-0.14857453664642353,-0.011900985704966147
LMT,-0.05335554224712931,0.34665638533378873,-0.1594559282416403
WTI,0.1296840813628459,-0.14313048258475272,-0.0007875313849693661
