Model,CVX,NVDA,PG
ARIMA,2.0967392030956526,3.932947901738077,2.760444547115387
Drift,3.5458754349745862,2.33360273532749,3.926003357267797
Ensemble,3.12432409383955,2.6405807911130195,3.235569211939749
GBM,3.484456814055058,2.298194398955717,3.8905407913273486
GradientBoosting,10.50978837724387,4.308598958932366,3.2752023128059435
Naive,2.0967392030956526,3.932947901738077,2.7711281106645167
RandomForest,6.4621030897053755,3.092196587152842,3.242478753860532
Ridge,8.56389967468657,5.4294224656185985,3.218052813123646
