Model,CVX,NVDA,PG
ARIMA,-0.4821107825454476,-2.4581264573700707,-1.6236668853878768
Drift,-2.531129293351455,-0.04018682871910073,-2.9434776453713027
Ensemble,-2.0820803117017874,-0.8304466272720674,-2.2290553569453095
GBM,-2.497051479385732,0.03322078332897149,-2.9160999525142017
GradientBoosting,9.469529978389517,-2.8398052552913384,-2.142917134930684
Naive,-0.4821107825454476,-2.4581264573700707,-1.6415987598652748
RandomForest,5.506934932893557,1.7970431747914972,-2.3106444548785134
Ridge,7.350394378777878,-3.842699364921458,-2.2499500734034825
