RMSE,MAE,MAPE_pct,DirAcc,Pred_Mean,Actual_Mean,Mean_Error,Model,ValRMSE
2.298194398955717,1.637777292277669,0.8060247194178669,0.5625,201.35914509226154,201.32592430893257,0.03322078332897149,GBM,9.658085749372757
2.33360273532749,1.6278982886286033,0.8004897672248013,0.5625,201.28573748021347,201.32592430893257,-0.04018682871910073,Drift,9.683179508260437
2.6405807911130195,1.7126384964732062,0.8381315707826517,0.5625,200.4954776816605,201.32592430893257,-0.8304466272720674,Ensemble,
3.092196587152842,2.791279533889404,1.3855033302895456,0.5416666666666666,203.12296748372407,201.32592430893257,1.7970431747914972,RandomForest,14.952470016659348
3.932947901738077,2.660036982322224,1.3006050711103643,0.0,198.8677978515625,201.32592430893257,-2.4581264573700707,Naive,9.593013965217214
3.932947901738077,2.660036982322224,1.3006050711103643,0.0,198.8677978515625,201.32592430893257,-2.4581264573700707,ARIMA,9.688339888568159
4.308598958932366,3.166760399134347,1.5526918658723783,0.6458333333333334,198.48611905364123,201.32592430893257,-2.8398052552913384,GradientBoosting,13.810594525590771
5.4294224656185985,3.9814819118374416,1.9518615595245568,0.5,197.4832249440111,201.32592430893257,-3.842699364921458,Ridge,13.716687348365424
