n,Pearson,Pearson_p,Spearman,Spearman_p,Beta,R2,Proxy
21,-0.6559550217956225,0.0012431400829292245,-0.6038961038961038,0.0037439776277835347,-0.26499990841487553,0.43027699061889557,BRENT
21,-0.6553843486065336,0.0012596429918787025,-0.696103896103896,0.00045704097138347434,-0.23157764605081177,0.4295286443984104,WTI
