n,Pearson,Pearson_p,Spearman,Spearman_p,Beta,R2,Proxy
21,-0.08897888983005858,0.7013143886883287,0.05064935064935065,0.8274046658865747,-0.016798088489742874,0.007917242835389712,BRENT
21,-0.13103821769783291,0.5712760895234091,0.051948051948051945,0.8230456679720457,-0.02163713556605656,0.017171014497424645,WTI
